{"cameraMode":{"drawMode":0,"name":"Shaded","section":"Shading Mode"},"sceneLighting":false,"audioPlay":false,"sceneViewState":{"m_AlwaysRefresh":false,"showFog":true,"showSkybox":false,"showFlares":true,"showImageEffects":true,"showParticleSystems":true,"showVisualEffectGraphs":true,"m_FxEnabled":true},"in2DMode":false,"pivot":{"x":0.07772350311279297,"y":1.2125431299209595,"z":3.9043498039245607},"rotation":{"x":0.046515606343746188,"y":-0.9166159629821777,"z":0.11192037910223007,"w":0.380962610244751},"size":1.503994107246399,"orthographic":true}