{"cameraMode":{"drawMode":0,"name":"Shaded","section":"Shading Mode"},"sceneLighting":false,"audioPlay":false,"sceneViewState":{"m_AlwaysRefresh":false,"showFog":true,"showSkybox":false,"showFlares":true,"showImageEffects":true,"showParticleSystems":true,"showVisualEffectGraphs":true,"m_FxEnabled":true},"in2DMode":false,"pivot":{"x":0.08876687288284302,"y":0.9222745895385742,"z":-1.9037675857543946},"rotation":{"x":0.018027348443865777,"y":-0.980448842048645,"z":0.1641627997159958,"w":0.10777730494737625},"size":2.7048227787017824,"orthographic":false}