{"cameraMode":{"drawMode":0,"name":"Shaded","section":"Shading Mode"},"sceneLighting":false,"audioPlay":false,"sceneViewState":{"m_AlwaysRefresh":false,"showFog":true,"showSkybox":false,"showFlares":true,"showImageEffects":true,"showParticleSystems":true,"showVisualEffectGraphs":true,"m_FxEnabled":true},"in2DMode":false,"pivot":{"x":0.44864749908447268,"y":0.17472243309020997,"z":0.4579922556877136},"rotation":{"x":0.04985877498984337,"y":-0.9263876676559448,"z":0.13234229385852815,"w":0.3490080237388611},"size":0.7202383279800415,"orthographic":false}