{"cameraMode":{"drawMode":0,"name":"Shaded","section":"Shading Mode"},"sceneLighting":true,"audioPlay":false,"sceneViewState":{"m_AlwaysRefresh":false,"showFog":true,"showSkybox":false,"showFlares":true,"showImageEffects":true,"showParticleSystems":true,"showVisualEffectGraphs":true,"m_FxEnabled":true},"in2DMode":false,"pivot":{"x":-250.06480407714845,"y":1.4917144775390626,"z":-0.06476688385009766},"rotation":{"x":0.03690110892057419,"y":-0.9526623487472534,"z":0.27291104197502139,"w":0.12881255149841309},"size":0.8660253882408142,"orthographic":false}