{"cameraMode":{"drawMode":0,"name":"Shaded","section":"Shading Mode"},"sceneLighting":false,"audioPlay":false,"sceneViewState":{"m_AlwaysRefresh":false,"showFog":true,"showSkybox":false,"showFlares":true,"showImageEffects":true,"showParticleSystems":true,"showVisualEffectGraphs":true,"m_FxEnabled":true},"in2DMode":false,"pivot":{"x":-0.6752719879150391,"y":-1.0056209564208985,"z":0.4087042808532715},"rotation":{"x":-0.11944714933633805,"y":0.8554131984710693,"z":-0.22710055112838746,"w":-0.4499180316925049},"size":1.1884950399398804,"orthographic":false}