{"cameraMode":{"drawMode":0,"name":"Shaded","section":"Shading Mode"},"sceneLighting":false,"audioPlay":false,"sceneViewState":{"m_AlwaysRefresh":false,"showFog":true,"showSkybox":false,"showFlares":true,"showImageEffects":true,"showParticleSystems":true,"showVisualEffectGraphs":true,"m_FxEnabled":true},"in2DMode":false,"pivot":{"x":-0.6421787738800049,"y":1.0971039533615113,"z":0.9122835993766785},"rotation":{"x":0.044181860983371738,"y":-0.867311954498291,"z":0.07826966047286987,"w":0.48958590626716616},"size":1.1461608409881592,"orthographic":true}