{"cameraMode":{"drawMode":0,"name":"Shaded","section":"Shading Mode"},"sceneLighting":false,"audioPlay":false,"sceneViewState":{"m_AlwaysRefresh":false,"showFog":true,"showSkybox":false,"showFlares":true,"showImageEffects":true,"showParticleSystems":true,"showVisualEffectGraphs":true,"m_FxEnabled":true},"in2DMode":false,"pivot":{"x":-1.5966835021972657,"y":1.2337853908538819,"z":0.3760286569595337},"rotation":{"x":-0.12391705065965653,"y":0.7969524264335632,"z":-0.17487125098705293,"w":-0.5647507309913635},"size":1.7110124826431275,"orthographic":false}