{"cameraMode":{"drawMode":0,"name":"Shaded","section":"Shading Mode"},"sceneLighting":true,"audioPlay":false,"sceneViewState":{"m_AlwaysRefresh":false,"showFog":true,"showSkybox":true,"showFlares":true,"showImageEffects":true,"showParticleSystems":true,"showVisualEffectGraphs":true,"m_FxEnabled":true},"in2DMode":false,"pivot":{"x":5.337594032287598,"y":-10.992424011230469,"z":19.78717803955078},"rotation":{"x":0.028555193915963174,"y":-0.8903148770332336,"z":0.4510183036327362,"w":0.056447822600603107},"size":67.28663635253906,"orthographic":false}