{"cameraMode":{"drawMode":0,"name":"Shaded","section":"Shading Mode"},"sceneLighting":true,"audioPlay":false,"sceneViewState":{"m_AlwaysRefresh":false,"showFog":true,"showSkybox":true,"showFlares":true,"showImageEffects":true,"showParticleSystems":true,"showVisualEffectGraphs":true,"m_FxEnabled":true},"in2DMode":false,"pivot":{"x":37.03487014770508,"y":-140.90603637695313,"z":-159.60440063476563},"rotation":{"x":-0.020865635946393014,"y":-0.9151746034622192,"z":0.3998293876647949,"w":-0.047828249633312228},"size":110.59856414794922,"orthographic":false}