{"cameraMode":{"drawMode":0,"name":"Shaded","section":"Shading Mode"},"sceneLighting":true,"audioPlay":false,"sceneViewState":{"m_AlwaysRefresh":false,"showFog":true,"showSkybox":true,"showFlares":true,"showImageEffects":true,"showParticleSystems":true,"showVisualEffectGraphs":true,"m_FxEnabled":true},"in2DMode":false,"pivot":{"x":113.70719146728516,"y":175.03387451171876,"z":142.00405883789063},"rotation":{"x":0.08105172216892243,"y":-0.8507691621780396,"z":0.1377333700656891,"w":0.5006521344184876},"size":5.259649753570557,"orthographic":false}