{"cameraMode":{"drawMode":0,"name":"Shaded","section":"Shading Mode"},"sceneLighting":true,"audioPlay":false,"sceneViewState":{"m_AlwaysRefresh":false,"showFog":true,"showSkybox":true,"showFlares":true,"showImageEffects":true,"showParticleSystems":true,"showVisualEffectGraphs":true,"m_FxEnabled":true},"in2DMode":false,"pivot":{"x":-184.79989624023438,"y":-165.34561157226563,"z":-389.3115539550781},"rotation":{"x":0.008673730306327343,"y":0.971617579460144,"z":-0.23406076431274415,"w":0.035885099321603778},"size":185.8577423095703,"orthographic":false}