{"cameraMode":{"drawMode":0,"name":"Shaded","section":"Shading Mode"},"sceneLighting":true,"audioPlay":false,"sceneViewState":{"m_AlwaysRefresh":false,"showFog":true,"showSkybox":true,"showFlares":true,"showImageEffects":true,"showParticleSystems":true,"showVisualEffectGraphs":true,"m_FxEnabled":true},"in2DMode":false,"pivot":{"x":45.20000076293945,"y":0.9099999666213989,"z":-16.639999389648439},"rotation":{"x":0.057510241866111758,"y":0.936944842338562,"z":-0.2907545566558838,"w":0.18534334003925324},"size":0.9134283661842346,"orthographic":false}