{"cameraMode":{"drawMode":0,"name":"Shaded","section":"Shading Mode"},"sceneLighting":false,"audioPlay":false,"sceneViewState":{"m_AlwaysRefresh":false,"showFog":true,"showSkybox":false,"showFlares":true,"showImageEffects":true,"showParticleSystems":true,"showVisualEffectGraphs":true,"m_FxEnabled":true},"in2DMode":false,"pivot":{"x":-0.006753683090209961,"y":-0.7222526669502258,"z":0.43256521224975588},"rotation":{"x":0.04515558481216431,"y":-0.954163670539856,"z":0.1899442970752716,"w":0.22683396935462953},"size":1.0186108350753785,"orthographic":false}