{"cameraMode":{"drawMode":0,"name":"Shaded","section":"Shading Mode"},"sceneLighting":false,"audioPlay":false,"sceneViewState":{"m_AlwaysRefresh":false,"showFog":true,"showSkybox":false,"showFlares":true,"showImageEffects":true,"showParticleSystems":true,"showVisualEffectGraphs":true,"m_FxEnabled":true},"in2DMode":false,"pivot":{"x":0.18586960434913636,"y":-0.5430501699447632,"z":0.3254750967025757},"rotation":{"x":0.01566566713154316,"y":-0.9838567972183228,"z":0.10965891182422638,"w":0.14055205881595612},"size":1.0186108350753785,"orthographic":false}