{"cameraMode":{"drawMode":0,"name":"Shaded","section":"Shading Mode"},"sceneLighting":false,"audioPlay":false,"sceneViewState":{"m_AlwaysRefresh":false,"showFog":true,"showSkybox":false,"showFlares":true,"showImageEffects":true,"showParticleSystems":true,"showVisualEffectGraphs":true,"m_FxEnabled":true},"in2DMode":false,"pivot":{"x":-0.40102726221084597,"y":-0.42002004384994509,"z":0.01580137014389038},"rotation":{"x":-0.15606413781642915,"y":0.8368240594863892,"z":-0.3067086637020111,"w":-0.42581596970558169},"size":0.9705823659896851,"orthographic":false}