{"cameraMode":{"drawMode":0,"name":"Shaded","section":"Shading Mode"},"sceneLighting":false,"audioPlay":false,"sceneViewState":{"m_AlwaysRefresh":false,"showFog":true,"showSkybox":false,"showFlares":true,"showImageEffects":true,"showParticleSystems":true,"showVisualEffectGraphs":true,"m_FxEnabled":true},"in2DMode":false,"pivot":{"x":-0.16517212986946107,"y":0.07620814442634583,"z":0.12950173020362855},"rotation":{"x":0.024180343374609948,"y":0.3171165883541107,"z":0.008088350296020508,"w":-0.9480440616607666},"size":0.32638072967529299,"orthographic":false}