{"cameraMode":{"drawMode":0,"name":"Shaded","section":"Shading Mode"},"sceneLighting":false,"audioPlay":false,"sceneViewState":{"m_AlwaysRefresh":false,"showFog":true,"showSkybox":false,"showFlares":true,"showImageEffects":true,"showParticleSystems":true,"showVisualEffectGraphs":true,"m_FxEnabled":true},"in2DMode":false,"pivot":{"x":0.028916120529174806,"y":1.8126182556152344,"z":4.297002792358398},"rotation":{"x":0.06304112821817398,"y":-0.7208485007286072,"z":0.06614246219396591,"w":0.6870527267456055},"size":1.5131679773330689,"orthographic":true}