{"cameraMode":{"drawMode":0,"name":"Shaded","section":"Shading Mode"},"sceneLighting":false,"audioPlay":false,"sceneViewState":{"m_AlwaysRefresh":false,"showFog":true,"showSkybox":false,"showFlares":true,"showImageEffects":true,"showParticleSystems":true,"showVisualEffectGraphs":true,"m_FxEnabled":true},"in2DMode":false,"pivot":{"x":-252.2388916015625,"y":0.6463273763656616,"z":-53.96424865722656},"rotation":{"x":0.10462667047977448,"y":0.8751429319381714,"z":-0.21863862872123719,"w":0.41890546679496767},"size":1.9837257862091065,"orthographic":false}