{"cameraMode":{"drawMode":0,"name":"Shaded","section":"Shading Mode"},"sceneLighting":false,"audioPlay":false,"sceneViewState":{"m_AlwaysRefresh":false,"showFog":true,"showSkybox":false,"showFlares":true,"showImageEffects":true,"showParticleSystems":true,"showVisualEffectGraphs":true,"m_FxEnabled":true},"in2DMode":false,"pivot":{"x":-2.1440653800964357,"y":0.34079670906066897,"z":2.9289469718933107},"rotation":{"x":-0.059797413647174838,"y":-0.9379697442054749,"z":0.20521652698516847,"w":-0.2732909321784973},"size":3.455155372619629,"orthographic":false}