{"cameraMode":{"drawMode":0,"name":"Shaded","section":"Shading Mode"},"sceneLighting":true,"audioPlay":false,"sceneViewState":{"m_AlwaysRefresh":false,"showFog":true,"showSkybox":true,"showFlares":true,"showImageEffects":true,"showParticleSystems":true,"showVisualEffectGraphs":true,"m_FxEnabled":true},"in2DMode":false,"pivot":{"x":-231.8000030517578,"y":1.4500000476837159,"z":22.799999237060548},"rotation":{"x":0.18339990079402924,"y":0.30817562341690066,"z":-0.060675013810396197,"w":0.9315097332000732},"size":0.8460545539855957,"orthographic":true}