{"cameraMode":{"drawMode":0,"name":"Shaded","section":"Shading Mode"},"sceneLighting":false,"audioPlay":false,"sceneViewState":{"m_AlwaysRefresh":false,"showFog":true,"showSkybox":false,"showFlares":true,"showImageEffects":true,"showParticleSystems":true,"showVisualEffectGraphs":true,"m_FxEnabled":true},"in2DMode":false,"pivot":{"x":-0.10205435752868653,"y":-0.052404165267944339,"z":0.9117293953895569},"rotation":{"x":0.025380678474903108,"y":-0.6210523843765259,"z":0.020127037540078164,"w":0.7831006050109863},"size":0.9688922762870789,"orthographic":false}