{"cameraMode":{"drawMode":0,"name":"Shaded","section":"Shading Mode"},"sceneLighting":false,"audioPlay":false,"sceneViewState":{"m_AlwaysRefresh":false,"showFog":true,"showSkybox":false,"showFlares":true,"showImageEffects":true,"showParticleSystems":true,"showVisualEffectGraphs":true,"m_FxEnabled":true},"in2DMode":false,"pivot":{"x":497.146728515625,"y":284.5411071777344,"z":-22.701385498046876},"rotation":{"x":0.02397599071264267,"y":0.042576659470796588,"z":-0.0010220439871773124,"w":0.9988051652908325},"size":417.9822998046875,"orthographic":true}