{"cameraMode":{"drawMode":0,"name":"Shaded","section":"Shading Mode"},"sceneLighting":false,"audioPlay":false,"sceneViewState":{"m_AlwaysRefresh":false,"showFog":true,"showSkybox":false,"showFlares":true,"showImageEffects":true,"showParticleSystems":true,"showVisualEffectGraphs":true,"m_FxEnabled":true},"in2DMode":false,"pivot":{"x":0.4099999964237213,"y":-0.2986947000026703,"z":0.9119999408721924},"rotation":{"x":-0.035029102116823199,"y":-0.9453492164611816,"z":0.3058413863182068,"w":-0.10825275629758835},"size":0.22635193169116975,"orthographic":false}